8lbrx9,0,"""Hey there r/assistance, Not sure if this is the right place to post this.. but here goes =) I'm currently a student intern at Sandia National Labs and working on a survey to help improve our marketing outreach efforts at the many schools we recruit at around the country. We're looking for current undergrad/grad STEM students so if you're a STEM student or know STEM students, I would greatly appreciate if you can help take or pass along this short survey. As a thank you, everyone who helps take the survey will be entered in to a drawing for chance to win one of three $50 Amazon gcs."""
7iphly,0,"""It was a big company so luckily I didn't have to see him all the time, but when I did, he again acted as though I didn't exist. I tried to talk to him and update him on the pregnancy, and ask him to be involved for our child's sake, and he literally stared right through me without saying a word. 3 months after our daughter was born, I texted him and told him he was missing out on the most amazing person in this world, and how it wasn't fair to her. To my surprise, he wrote back and wanted to see her. He apologized, said he had changed and within a couple of months, we were engaged."""
7rfjom,0,"""This is helping to get kids in the area tan ability to practice and a strong group of girls to look up to. So if you would please help busboy donating, even a dollar, would be amazing for not only us but the future generations of kids. Thank you so much for taking the time to read this, even if you don't donate, you reading this showed you cared enough to open the link :) Here is also a link to our softball teams website: <url> Now the actual information you'll find on the campaign page is listed here!"""
7pg3a7,0,"""We had plans to move in together, a fancy $1,800/month home that she would contribute $400 or so. We spoke of children, marriage, all sorts of stuff. It's not that I thought she owed me anything for me doing these things. It's just that I felt like I did so incredibly much and it kills me that I look back and know that over a 5 month period, we only had intimate contact less than 15 times, that we never made out, outside sex (and I initiated and was rejected many, many times). Every time I brought up my frustrations regarding my unmet romantic needs, she took it as gaslighting and used it as fuel to further drive the reason why she wasn't comfortable with intimate contact."""
9xkqh0,0,"""I was going through a hard time after our breakup (started seeing a therapist and psychiatrist). In the span of the 2.5 years since our breakup I have had other boyfriends and hookups. Some of my hookups happened to be some of his old friends, the most recent happening 11 months ago. I never talked to these guys leading up to the hook ups or since, it was purely just spur of the moment drunk sex. Recently me and my ex have reconnected after 2.5 years of no contact."""
91oz3r,0,"""With a switch blade and open arms In a sweater vest that covers a ragged undershirt stained with my innocence Through faces that are never the same as the ones I dread finding in the crowd In the night, I rediscover my love of mares and how hoarse I can be in the morning It's the taste of blood but I am not bleeding"""
9od6d6,0,"""According to [a study from <url> and its subjects, major risk factors were family problems and a child‚Äôs lack of confidence. These factors aren‚Äôt necessarily easy to influence but well worth looking into. As is another avenue that we should focus on more: Support for survivors of sexual abuse. Availability and quality of mental health care comes to mind, but it‚Äôs not solely limited to the medical field. If we want abusers to be held accountable, we have to help victims because they might not come forward otherwise."""
7q7vhn,0,"""Okay, So in since October have just got out of an eight year relationship. We were engaged to get married next year, but it did not work out. It ended mutually and we have moved on. In life these things happen. Since Halloween I have been seeing this Girl."""
66cyu7,0,"""I'm just blown away by this doctor's willingness to help. I feel so validated every time I leave his office, like someone actually understands what I'm struggling with, and I don't have to convince them of my mental illness. Bottom line? Research docs if you can online, read their reviews and don't give up until you find someone who treats you the way you deserve. If I can do this, I promise you can!"""
8n761h,0,"""I feel like I'm trying to reason my situation though. I'm listing off things that a person would associate success with but I'm not seeing the things I'm failing at. Or maybe I do and the Navy is just exaggerating the things they want out of me? I feel like the Navy is easy and I don't put a lot of time towards it \( I mean qualifications\). When I'm at work I feel like I really  focus in on a task."""
91oz3r,0,"""With a switch blade and open arms In a sweater vest that covers a ragged undershirt stained with my innocence Through faces that are never the same as the ones I dread finding in the crowd In the night, I rediscover my love of mares and how hoarse I can be in the morning It's the taste of blood but I am not bleeding"""
9od6d6,0,"""According to [a study from <url> and its subjects, major risk factors were family problems and a child‚Äôs lack of confidence. These factors aren‚Äôt necessarily easy to influence but well worth looking into. As is another avenue that we should focus on more: Support for survivors of sexual abuse. Availability and quality of mental health care comes to mind, but it‚Äôs not solely limited to the medical field. If we want abusers to be held accountable, we have to help victims because they might not come forward otherwise."""
7q7vhn,0,"""Okay, So in since October have just got out of an eight year relationship . We were engaged to get married next year, but it did not work out. It ended mutually and we have moved on. In life these things happen. Since Halloween I have been seeing this Girl."""
66cyu7,0,"""I'm just blown away by this doctor's willingness to help. I feel so validated every time I leave his office, like someone actually understands what I'm struggling with, and I don't have to convince them of my mental illness. Bottom line? Research docs if you can online, read their reviews and don't give up until you find someone who treats you the way you deserve. If I can do this, I promise you can!"""
8n761h,0,"""I feel like I'm trying to reason my situation though. I'm listing off things that a person would associate success with but I'm not seeing the things I'm failing at. Or maybe I do and the Navy is just exaggerating the things they want out of me? I feel like the Navy is easy and I don't put a lot of time towards it \( I mean qualifications\). When I'm at work I feel like I really  focus in on a task."""
9bk0uc,0,"""You are being invited to participate in a research study for Heather Cornett‚Äôs dissertation at Texas Woman‚Äôs University. The purpose of the current study is to examine the role of self-advocacy in those with a severe and persistent mental illness (SPMI) and how it relates to self-stigma and life satisfaction. The research is intended to supply the researcher with information about strategies that could improve life satisfaction in individuals diagnosed with an SPMI. Completion time for the survey is approximately 15-25 minutes. Participants are only allowed to participate once in the current study."""
6gtoia,0,"""This was a ‚Äúnice thought‚Äù, and even though I had been told my mother to never leave a drink at the bar, it didn‚Äôt cross my mind that there might be something put in this drink or that I was being pushed to be more intoxicated. After I started sipping on that drink, I felt all the alcohol hit me and felt drunk. He said I‚Äôve ordered an uber for us, which I thought I was being dropped back at home; I don‚Äôt actually remember the ride home in the Uber. We pulled up at his apartment complex, and he said come inside I know you‚Äôre hungry I have pizza. I thought eating pizza would be a good idea after the alcohol, so I followed him inside."""
8b0cas,0,"""She was seventeen and they met in a hospital, he was in the drug rehab, she was in the mental hospital. She was 17, and he technically kidnapped her, running across the country. She immediately got pregnant with me, and he married her, at which point the law washed their hands of the matter. I was born premature, 5 months and 3 weeks, which in 1981 was very dangerous. I spent 8 months in an incubator, and had heart surgery, but lived, and have not had health problems."""
8jeclm,0,"""but I'm really, really afraid of public embarrassments and awkward situations. So I was in the train station and saw this homeless lady asking for food and money. I always help homeless people if I have change in my wallet. I walked up to her, took out my wallet and pulled out this ¬£5 cash to give her. She was kinda old, so she wasn't in a perfect physical health."""
7e5yas,0,"""Specific phobia: most common type. It's when something causes exarcebate fear in the person. DSM-5 moved two more disorders to a specific group. But it is anxiety disorders: - TOC and post-traumatic stress."""
6nnm6e,0,"""Babies don't care about work hours you know. Husband finally says he'll watch our darling for the few hours between his full night's sleep and work. So we're doing this. I'm chipping on an embroidery project doing 'me' time, he's on bed with baby keeping the crawling fiend busy. He falls asleep and baby almost falls into crack between headboard and wall."""
7hzoqz,0,"""During the pregnancy and after the (traumatic) birth of our first child in 2013, symptoms started to intensify, including lots of depression, some manic behavior, and periodic angry outbursts. Somewhere in there we settled on a very (relatively speaking) effective combination of mental health meds that stabilized symptoms. We had our second child in 2015, after which an injury led to the discovery of a debilitating and incurable connective tissue disorder. The symptoms from this have been getting worse since then, and a good chunk of time from 2015 until now has been discovering what‚Äôs going on, coming to grips with a new reality, and managing those symptoms. Overall we‚Äôve had a very healthy supportive relationship with strong shared values."""
8h1rtk,0,"""I kept my head up and demanded the respect I deserve. I was very polite and expect the same. She wasn‚Äôt, so I put her in her place (she reprimanded me for leaving my gowns hung up in the dressing room). I came back to try on another gown and she goes you could at least bring them back. Mind you I have a one year old in my cart...."""
5x3dvl,0,"""In recent years, I've noticed that I deal with some post-nasal drip, sneeze a lot throughout the day, deal with headaches, and have itchy, watery eyes. Maybe I have developed some kind of allergy that is influencing this? Any help is appreciated."""
9p4ung,0,"""I'm gonna try and get some sleep as it's the middle of the night here, and I hope I get through tomorrow with a single trigger, like I always wish for before I go to sleep. I hold that hope, and I know one day, it'll happen. Not now, but one day. Edit: Thank you all for your support and kind messages. It's really helped me get through today, and to keep moving forward, no matter how scary it seems, it's still moving forward."""
7thdhf,0,"""I have a twin sister, Audrey, and I hate her. I genuinely can't explain it. I know it's so irrational, but it's just how it is, and I hate that this is how it is. We both came home for our mom's birthday, and I couldn't even spend 20 minutes with her. We're really different people."""
5m5ue0,0,"""i remember her getting drunk and and ranting about a fuck buddy she was angry at. she came up with the brilliant idea of throwing a brick with a pie recipe tied to it through his window (i dont know). she told me to drive her to his house so she could do that and i said i didn't think it was a good idea. she told me if i didn't do it she would drunk drive there with my little brothers in the car. i haven't seen her in 6 and a half years."""
7o1ti5,0,"""I think now she feels some of responsibility to help those in need and she gets a lot of gratification from these people who are very thankful to her. On occasion when we go out, we have been approached by these people and I can tell they are very grateful to her. We were at Starbucks while she's studying and the husband/wife she helped offered to buy her coffee, etc ... Lastly, her other dream is to get a house in this very rich neighborhood with houses that cost $2M at the very least. Anyways, enough with the bad, now the good things about her. She is a very loving person which is proven by the fact that everyone loves her at work."""
7y7zh9,0,"""I looked regular for once and it‚Äôs been a while to feel that way. I wanted to show who I was today to the world, it was empowering seeing that face I used to be especially when I saw him just a month ago. I left right away to catch any train heading to North Hollywood and eventually arrived at the area of my work interview. I was early but I know I made a mistake without considering how hard it is to panhandle especially when you don‚Äôt look it for the part. I had a sign with me and I asked people to spare me a quarter at most but all I got were weird looks."""
8eqtqi,0,"""Is there anyway I could persuade you to go a view you love (if not any place is fine) and write something similar on a card  or piece of paper [I attached an example here]. Thank you all if you consider helping! It means the world. I'll probably post again as the date gets closer. I aim to continue trying until I can get at least 100."""
8f3xd1,1,"""I can't handle the pressure anymore. The workload is overwhelming and I just want to escape"""
6h5e3w,1,"""The constant deadlines at work are making me anxious. I feel like I'm always on the edge"""
4g2h1j,1,"""I'm so stressed about the upcoming exams. I feel like I haven't prepared enough"""
2j9k4l,1,"""I have so much work to do and so little time. The stress is consuming me"""
5g3h2j,0,"""Today was a peaceful day. I spent it relaxing and reading my favorite book"""
8u7f3w,0,"""I had a great time with my friends today. We laughed and enjoyed each other's company"""
7h3g2q,0,"""I took a long walk in the park and it was so refreshing. Nature has a calming effect on me"""
1k9l3s,0,"""I treated myself to a spa day and it was so relaxing. Self-care is important for mental well-being"""
3m8v2n,0,"""I practiced mindfulness meditation today and it helped me feel more grounded and less stressed"""
2n8s3m,0,"""I cooked my favorite meal and enjoyed a quiet evening at home. It's the little things that bring joy"""
1,1,"""I feel so overwhelmed with all the work piling up"""
2,1,"""The deadline for this project is stressing me out"""
3,0,"""I had a relaxing weekend at the beach, it was so calming"""
4,0,"""Spending time with my dog always brings me joy"""
5,1,"""I can't focus on anything, my mind feels scattered"""
6,0,"""Practicing mindfulness has helped me reduce stress"""
7,1,"""I had a panic attack at work today, it was really frightening"""
8,0,"""Taking a walk in nature always lifts my spirits"""
9,1,"""I feel so anxious about the upcoming presentation"""
10,0,"""Listening to music helps me relax after a long day"""
9md6qz,1,"""These weren't the only punishments, though. Sometimes he'd make us choose a favorite toy or plushie to be thrown out if we'd made him mad, and one time when he caught me rescuing my plushie, he slapped me across the face, then made me watch him cut her into little pieces, standing there at 1 in the morning berating me about how I was a stupid, ignorant little bitch that needed right and wrong beaten into her, because I was too stupid to to know how to do as I was told. Sometimes, though, he'd not just snap and get angry... He'd utterly lose control of himself. Screaming so furiously I couldn't really understand him, grabbing me by the arms/shoulders and shaking me hard enough to give me whiplash, and continue screaming over me once I collapsed in a cowering heap when he let go."""
6gke2t,1,"""Ok so firstly I should say she hasn't been formally diagnosed but it's at this point a logical conclusion that she's suffering some kind of ptsd from a rape that she endured a couple years back. It was before I knew her and when we met she seemed to be pretty stable. Although I know now that's not the case. I do not blame her at all for this behaviour but I really need help understanding her before I get hurt worse than I already have. Going forward keep in mind 2 things:"""
98o3rj,1,"""Thanks to my alma mater üë©‚Äçüéì! I‚Äôd like to know Any suggestions from u all on how I might I move on in the  healthiest way possible and carry on with only love in my heart for her? How might I bounce back and focus on forming healthier relationships? Any advice or suggestions are appreciated, guys. Sending positive vibes your way üòá"""
7ryefr,1,"""I've been with Mike for 4 years now. We have an amazing relationship and I never felt bothered by anything in it, not even silly arguments that are more than common between a couple. Mike has a best friend named Theo. Theo is a cute guy who never seems to settle down, but not in a womanizer way, more like, he hasn't found the one. Well, hadn't found the one."""
92wagq,1,"""I will stay with the sub to offer any advice I can but thought a success story was worthy to share. They say never destroy a person's hope. It may be all they have left. Much love to you all for the good tips and advice during my struggle. Thanks!"""
8s1ox7,1,"""I cant do a push up. My arms are almost useless. I need to get surgery, but my parents aren't exactly in the picture and can't support me while I take time off of work to get the surgery. Would I be able to qualify for disability to be able to support myself so that I can get surgery? if not, what kind of options do I have?"""
7pal0c,1,"""These things seem dumb and I swear to God I didn't think they'd work, but a therapist I had told me about them and they actually do work. To stop a feeling of rage: Stand straight with your feet apart. Raise your arms as high as you can above your head, and put your hands together (like people do when they're praying). Stretch as high as you can. Jump and land on the floor, bringing your hands down between your legs, and hold that position for a few seconds."""
978lrv,1,"""We added a bunch of [security <url> for specific scenarios. If you're more comfortable keeping things on reddit, we put a lot of the same information on r/operationsafeescape. Either way, if you feel your computer's being monitored, check out our [secure <url> guide. Also, we're hosting our first <url> in October. We've also been busy building up partnerships in the security sector, which will allow us to bring even more resources to the audience we serve."""
7s2mw0,1,"""After meeting last year, Amanda and Isaac became incredibly close and agreed to live together for their Senior year. This past November, Amanda got drunk at a party and ended up making out with a random guy (on Jeff's birthday). Because of this, Amanda told Jeff that she wanted to take a break. Lots of drama. Everyone was shocked because from the outside, Amanda and Jeff seemed to have a really strong relationship (dating for 4+ years)."""
9dgirz,1,"""Again, most of the time I can just say 'ah, screw 'em they're not a doctor' but you know how it goes when you're having an episode. Phew, ok! Sorry for such a long post, I just usually like long reads on Reddit so I figure it's ok. Feel free to share your experiences with feeling 'fake!' It's good to not feel alone. TL;DR I sometimes feel like I'm faking having PTSD despite never expecting I had it and then getting an official diagnosis from a doctor."""
8s1ox7,0,"I cant do a push up. My arms are almost useless. I need to get surgery, but my parents aren't exactly in the picture and can't support me while I take time off of work to get the surgery. Would I be able to qualify for disability to be able to support myself so that I can get surgery? if not, what kind of options do I have?"
7pal0c,0,"These things seem dumb and I swear to God I didn't think they'd work, but a therapist I had told me about them and they actually do work. To stop a feeling of rage: Stand straight with your feet apart. Raise your arms as high as you can above your head, and put your hands together (like people do when they're praying). Stretch as high as you can. Jump and land on the floor, bringing your hands down between your legs, and hold that position for a few seconds."
978lrv,0,"We added a bunch of [security <url> for specific scenarios. If you're more comfortable keeping things on reddit, we put a lot of the same information on r/operationsafeescape. Either way, if you feel your computer's being monitored, check out our [secure <url> guide. Also, we're hosting our first <url> in October. We've also been busy building up partnerships in the security sector, which will allow us to bring even more resources to the audience we serve."
7s2mw0,0,"After meeting last year, Amanda and Isaac became incredibly close and agreed to live together for their Senior year. This past November, Amanda got drunk at a party and ended up making out with a random guy (on Jeff's birthday). Because of this, Amanda told Jeff that she wanted to take a break. Lots of drama. Everyone was shocked because from the outside, Amanda and Jeff seemed to have a really strong relationship (dating for 4+ years)."
9dgirz,0,"Again, most of the time I can just say 'ah, screw 'em they're not a doctor' but you know how it goes when you're having an episode. Phew, ok! Sorry for such a long post, I just usually like long reads on Reddit so I figure it's ok. Feel free to share your experiences with feeling ""fake!"" It's good to not feel alone. TL;DR I sometimes feel like I'm faking having PTSD despite never expecting I had it and then getting an official diagnosis from a doctor."
935dij,0,"I cant take video of him due to the lights aimed in the wrong direction and the thick trees and bushes, theres a security cam but i DOUBT its aimed at that back area of the parking lot. Its amazing how many trips down a major road he can make without a cop asking why hes wheeling a friggin COUCH down the road at 4am. And i dont want to start hitting him with the blunt side of my axe, due to my situation im not real strong, and since i grew up in this area, i wasn't ""street trained"" like what people might call a ""thug"". So, any suggestions on how i can get rid of this guy but also not have to the area myself at least for a little while, till i can get my bike fixed, i use this library for my work on my laptop, so i kinda want to remain close. Thanks,"
964bzo,0,"To put it straight. I get anxiety when something changes on my body, be it hearing or any senses. I was in a car with my father and he has this 2K dollar professional stereo system in his car. He sat on the remote and all the sound went up to it's highest point. I was able to cover my ears, but with my forearms."
8vumst,0,"The $4 cable I usually get fr Dollarama is out of stock, the cheapest I can find is $7 at a different dollar store, but nothing less than $30 at London Drugs and The Source. Here's where it gets complicated: my bank account is in a weird limbo right now and I don't know how much to ask for. My current balance is about $3, but my monthly service charges haven't been applied yet. So I know I'm going to be overdrawn, but the service charge varies depending on how many transactions I did, so I don't know how much I'll be overdrawn. Looking over the last 6 months the charge has ranged from $6 to $24."
7sdyx6,0,"Her parents supported her. I told her I thought it was a bad idea, that she should finish what she had left (she's an excellent student, super smart and committed) and then go to study the other career. But if she decided to leave I would support her 100%. She decided to quit. The other career was in another town, my home town (<2hs away) she rented an apartment with 2 girls and moved away."
7sdgi3,0,"(I should note, our first year together we went to the Maldives, second year we bought a house & went to Croatia, Venice, Belgium, Lots of weekends away - I'm not exactly lacking trips away) *I'm content and rarely feel unhappy these days, but is that a replacement of happiness? * Is this just a January blues thing that will go as the year starts moving on and I get back into the swing of things? ---"
7969lf,0,"""My ex and I of 3 years broke up and he kicked me out and caused me to get fired by telling our problems at work(we worked together) so they chose to keep him and fire me. Now I am 2 weeks out of work but I do think I will have a new job next week! Thank the lord. I have 8 bucks to my name and I just really need some advice on what I should do to survive until I have more money."""
9p553y,0,"""When I asked her how it happened, she said her brother had accidentally elbowed her in the face when they were 'rough-housing'. There was something about the way she said it that seemed a bit off to me - like she had been practising her excuse (or maybe that was in my head). Whatever the case it struck me as maybe a little weird that a couple of 20-something siblings would be play-fighting with each other like 10 year olds. This morning, after an absence of several days, she arrived at the office with a broken wrist. Her arm is in a cast and she has metal rods holding the broken bones in place."""
8n467e,0,"""I did. I moved 1300 miles away. I‚Äôm in therapy (just started again). Financially I don‚Äôt have any worries at the moment. I‚Äôm moving to a bigger place .."""
7r3sdu,0,"""Really hoping someone might have some insight for me! A couple years ago I (31,F) befriended one of colleagues (28,M). We were working for a small company that was also hemorrhaging cash, and eventually it was just him, me and some older coworkers in this open space office. Anyway, we really got along! We would have lunches, text in the evenings and weekends, and often go to the pub after work."""
5wp1rd,0,"""I know what it means to dive into oneself. I asked him and he confirmed its a deeper variant. I got excited. There‚Äôs no switching out of consciousness, you can reject what he says, your totally in control (or so he‚Äôs telling me :) ). So the first part was getting me deep, through counting, dropping my hand and other techniques I went deep."""
823enz,0,"""Hi all! I don‚Äôt exactly know where to start, but here goes. I have been on my own since 17, as I do not talk to my biological parents or my aunt that took care of me until 17. I went to college this last year in NC, but had to move back and stay with a friend due to low finances. While in college, I suffered from a concussion and mold poisoning from my dorm room."""
7v7nst,0,"""As for internet, I pay $60/mo on my phone for unlimited talk, text, and data without any throttling at all (thanks StraightTalk)! If I want internet on my laptop, I download the PdaNet+ app, download the .exe app on my phone then transfer to my laptop, install the app, then switch the tethering on so my laptop can connect and have access. That way, I can apply for more jobs on sites that my phone can't open up. So far, I'm doing okay. Just thought I would like to share how's my day been doing."""
7zdpmf,0,"""I felt the tension and the seriousness. Usually during lockdown drills things aren't too serious because we're high schoolers. We mess around because we know nothing is wrong. But this drill was different. We knew we were all okay, that everyone was safe, but the atmosphere was completely different."""
93me1g,0,"""Even moreso with a little push from behind. I've also been interviewing and applying for more secondary jobs to supplement my current employment and that seems to be going increasingly well. Thank you so much again everyone who sent food items to me, I'll be sure to pay it forward someday! EDIT 8/10: I received -even more- stuff just a few days ago, some pasta and sauce and then oatmeal too! Thank you so much, mystery redditor!"""
61xudn,0,"""It was the summer, I had just started a new job as a bartender.  I met a girl that was equally odd, had a lot of similar interests, was looking for the same thing I was.  We quickly became enamored with each other. It didn't take long for us to move in together.  I started finding projects around the house to fix up, she would surprise me with home cooked meals or a note gushing over our relationship."""
9rdck7,0,"""A little about them... I have a 17 year old, that is biologically my niece. My sister moved out when she was 3 weeks old and I raised her from that point. I was only 16. I have a 12 year old son that is biologically my husbands nephew, but we adopted him."""
9a8qu5,0,"""Normally, my anxiety is very well controlled. I meditate every morning for \~15 minutes and have been in therapy for the better part of the last 3 or 4 years. I feel WAY better than I used to, and on a day to day basis things are great. Buttt every once in a while (A handful of times a year, tops) something will realllly set me over the edge, and send me into an intense anxiety spiral where I compulsively ask 5 or so different friends for advice on what to do, post a lot of threads online about what I should do, and ruminate on the topic for days or weeks. Sometimes I'll have chats in messenger about whatever it is that will draw out over an entire 3-4 hour period."""
9mk7tz,0,"""There was no need for child care. When our daughter was 3, my husband, her father, taught her the word privacy. He then explained to her 3 yr old self what it means so she could understand. It was so cute when I would try and help her with her bath, and she would say \""no mommy, I need my PRIVATY..LOL. we encouraged this as she got older."""
7ivlov,0,"""- Spaghettios - 2 orders of Pasta Sauce - Penne pasta - Spaghetti - A big ol' bag of rice"""
8j7dey,0,"""What is for you the most relatable portrayal you have seen/heard I don't have PTSD but reading a retired Marines blog I noticed that when he was talking about his PTSD it sounded a lot like Rick in the Walking Dead. Ill explain for those who have never seen it. Rick was the leader of his group during a zombie outbreak. He killed his best friend twice (technically) and his wife died along with most everyone he knew."""
8wf12p,0,"""u mind you my mom is 5‚Äô1 and he is 5‚Äô9. now her jaw hurts and pops when she opens it wide. so this is my dilemma: i am a very emotional person. my emotional skin is raw and any slight change in others affects me greatly. side note: i had developed ptsd growing up from being scared of my older brother (saw him and heard him fighting with my family many many times growing up) but since he moved out for good (i hope) its gone away."""
9btpdh,0,"""I've been out of work for nine months, and it's finally catching up to me. When I lost my job in January, I took a sabbatical for a few months; it was necessary at the time. Hindsight being 20/20, I should have set up my phone with call blockers when the bill collectors began calling. I couldn't tell the difference between a potential employer and something which would stress me out given the slew of incoming calls with unknown numbers. During my time off I invested my time to build new skills, donating them to a gaming community, and hanging out for escapism to the point of obsession."""
7i3qui,0,"""Sometimes, when I finally got out of bed and stood up, I felt like \""Ugh, *finally*\"". Still, it did not happen every morning, and even when it did, I still felt rested from the long sleep, so I thought no more of it. Also, they were never nightmares. Sadly, my body got habituated to the sleep-component of Mirtazapine after about five months, and my old warped sleep cycle slowly creeped back into my life. The only benefit left in the medicine was the mild mental cushioning it provided, but at the same time I started to suspect that what I needed wasn't cushioning but to make new constructive life decisions, that only I could make."""
8526xr,0,"""Throwaway because my normal account is a common username for me.... Anyway, I've been in a lesbian relationship for near 7 years. The first 2 was long distance but then i moved from NY to TX to be with her. Everything was generally okay until we moved into a new apartment back in December. It isnt the best but its a roof over our heads and it's relatively cheap."""
6yq1rh,0,"""Do not drink a lot and only eat mild food before and during event. Gave myself permission to leave for any reason whenever I wanted. Giving myself control has allowed me to return to meetings at work in peace. I have been doing this for about 24 years. No one knows I have these fears."""
8wf12p,0,"""u mind you my mom is 5‚Äô1 and he is 5‚Äô9. now her jaw hurts and pops when she opens it wide. so this is my dilemma: i am a very emotional person. my emotional skin is raw and any slight change in others affects me greatly. side note: i had developed ptsd growing up from being scared of my older brother (saw him and heard him fighting with my family many many times growing up) but since he moved out for good (i hope) its gone away."""
9btpdh,0,"""I've been out of work for nine months, and it's finally catching up to me. When I lost my job in January, I took a sabbatical for a few months; it was necessary at the time. Hindsight being 20/20, I should have set up my phone with call blockers when the bill collectors began calling. I couldn't tell the difference between a potential employer and something which would stress me out given the slew of incoming calls with unknown numbers. During my time off I invested my time to build new skills, donating them to a gaming community, and hanging out for escapism to the point of obsession."""
7i3qui,0,"""Sometimes, when I finally got out of bed and stood up, I felt like \""Ugh, *finally*\"". Still, it did not happen every morning, and even when it did, I still felt rested from the long sleep, so I thought no more of it. Also, they were never nightmares. Sadly, my body got habituated to the sleep-component of Mirtazapine after about five months, and my old warped sleep cycle slowly creeped back into my life. The only benefit left in the medicine was the mild mental cushioning it provided, but at the same time I started to suspect that what I needed wasn't cushioning but to make new constructive life decisions, that only I could make."""
8526xr,0,"""Throwaway because my normal account is a common username for me.... Anyway, I've been in a lesbian relationship for near 7 years. The first 2 was long distance but then i moved from NY to TX to be with her. Everything was generally okay until we moved into a new apartment back in December. It isnt the best but its a roof over our heads and it's relatively cheap."""
6yq1rh,0,"""Do not drink a lot and only eat mild food before and during event. Gave myself permission to leave for any reason whenever I wanted. Giving myself control has allowed me to return to meetings at work in peace. I have been doing this for about 24 years. No one knows I have these fears."""
8h1p7g,0,"""Things were so good again. Just like the beginning. Then the yelling comes back. I got really sick and had to go to the hospital and he refused to come and visit me when I was home. He told me I was dense for expecting him to come hang out with me when I have such a deadly disease (it was MRSA and not that deadly)."""
7mgdpm,0,"""[Here is the link to her <url> ***Do not read below this if you have a weak stomach*** My friend has a very sweet toy poodle mix that was recently attacked. A much larger dog attacked Paige's (my friends dog) face and ripped off her lower jaw, to the point it was hanging down by just the remaining skin and fur that was attached. Paige went into a 24hr vet and had emergency surgery that allowed the jaw to be re-attached but the middle of the jaw (from canine tooth to canine tooth) had to be completely removed so Paige essentially has a large hole in her lower jaw now."""
8ocwoi,0,"""I'm posting this one more time for anyone that didn't see it. Our location is in central Louisiana. A co-worker recently gave birth last week and her baby is in stable condition. She was initially told that her baby would have dwarfism and she was okay with that, as long as it was healthy. Later, they told her that her baby wouldn't survive at birth."""
9kr6n8,0,"""I'm fine, or so I thought. All my issues with anger, alcohol abuse, frequent bouts of depression, difficulties focusing or concentrating at work, I attributed to my bipolar disorder, and that was all I worked on. I've tried so many different types of medications and combinations thereof, more than 10 for sure, and even underwent electro-convulsive therapy, but nothing helped. It was not until this past summer that I thought to try therapy, something I had actively avoided. I didn't think that talking about anything would affect my bipolar disorder, and I **really** didn't want to talk about my trauma."""
8h1p7g,0,"""Things were so good again. Just like the beginning. Then the yelling comes back. I got really sick and had to go to the hospital and he refused to come and visit me when I was home. He told me I was dense for expecting him to come hang out with me when I have such a deadly disease (it was MRSA and not that deadly)."""
7mgdpm,0,"""[Here is the link to her <url> ***Do not read below this if you have a weak stomach*** My friend has a very sweet toy poodle mix that was recently attacked. A much larger dog attacked Paige's (my friends dog) face and ripped off her lower jaw, to the point it was hanging down by just the remaining skin and fur that was attached. Paige went into a 24hr vet and had emergency surgery that allowed the jaw to be re-attached but the middle of the jaw (from canine tooth to canine tooth) had to be completely removed so Paige essentially has a large hole in her lower jaw now."""
8ocwoi,0,"""I'm posting this one more time for anyone that didn't see it. Our location is in central Louisiana. A co-worker recently gave birth last week and her baby is in stable condition. She was initially told that her baby would have dwarfism and she was okay with that, as long as it was healthy. Later, they told her that her baby wouldn't survive at birth."""
9kr6n8,0,"""I'm fine, or so I thought. All my issues with anger, alcohol abuse, frequent bouts of depression, difficulties focusing or concentrating at work, I attributed to my bipolar disorder, and that was all I worked on. I've tried so many different types of medications and combinations thereof, more than 10 for sure, and even underwent electro-convulsive therapy, but nothing helped. It was not until this past summer that I thought to try therapy, something I had actively avoided. I didn't think that talking about anything would affect my bipolar disorder, and I **really** didn't want to talk about my trauma."""
74mri5,0,"""Hey guys, I'm not homeless myself, I'm just after some advice. Basically, I work in a restaurant that closes late so I'm often not back to my apartment complex until around midnight. For the last few nights when I come back, I've noticed a homeless person sleeping between the glass front at the ground floor entrance and the back of the stairwell... This doesn't particularly bother me because I figured he's just sleeping and all the individual apartments have locks on the doors anyway. However I could understand if others in my complex would be distressed or anxious by this, especially if they live on the first floor (I'm fortunate to live higher up on the fourth floor)."""
7o3cgi,0,"""But 19 and 39? to me I feel like that is someone older than my current age dating an age that seems like a child to me....  I creeped her facebook and she appears to be a "" normal"" 23 year old...going out partying...saying things I would have found funny at that age but cringe at now.....and he did share with me that he supported her for the most part and so on...I asked if she had any "" life skills"" and his answer was ""  not really"".  What are people's thoughts on this?"""
7mb8rl,0,"""She requested to go to the bathroom right away, and we helped her with that. The husband/driver was out loading all our parts when she finally came out of the bathroom. We asked her what is wrong. She said, ""He grabbed me by the neck and hurt me. I don't think I can go back with him."""
5t5uo6,0,"""I waited a bit and then went and talked to our advisor. I vaguely and briefly explained what happened so I could get his help in understanding some procedures I didn't understand. We went down to the lab and figured out my work together. I was then standing and doing something with my samples while my advisor was doing something else in the room. Then I suddenly looked up toward the door and entirely expected my fellow student to burst in yelling about how I told our advisor."""
75cadq,0,"""I dial. 000. I have never used that number before. How does this wor‚Ä¶. ‚ÄúEmergency: Police, Fire or Ambulance?‚Äù"
9hk4mi,0,"""People may quickly think ""drugs"" but just try and quickly think ""animals"" unless you are dangerous when you have your episodes or become angry after them. Just think that all of that drug money some people spend could go on raising and giving a loving home to an animal who will heal him/her. x &#x200B; &#x200B;"""
7yzfzj,0,"""What if in Ireland a place existed where pollution was zero, crime didn't exist and you where given access to food, warm beds and a chance to rebuild your life. Would you take it? I'm sick of the city, I'm considering a rural life of self sustainability and have adequate means for finding financing to a farm of some sort. Would a homeless scholarship program work for people? Self sustainable life with access to counselling and all food and board paid for help?"""
918w3c,0,"""One anxiety free day. I feel like I could live off that high for the rest of my life. Not starting my day off trying to catch my breath. Not having to plan out every single minute of my day as to avoid discomfort, or even panic. Not standing in the middle of a locker room getting ready to cry because you saw a lock on the locker you use every time you're at the gym."""
972413,0,"""Not like triggers per say, because I'd have to ask her about that, but more general behaviors. Like, if I see her acting in a certain way that is common to abuse victims, I should know to be careful around that. Like apologizing a lot is a common behavior. Knowing about the abuse, I didn't try and correct her or anything (save one time when she thought she was bothering me, and I told her she will never be able to do that). So any additional information is useful."""
889kk0,0,"""$400 would suffice but $500 will drastically help boost my income for 4/4. Time frame for repayment listed includes $100 tip and is at-worst scenario. In other words loan may be repaid sooner. Thank you for your consideration. Sean"""
815nwz,0,"""Everyone loved him. He told the best stories and cooked the best food and was funny. All my friends thought he was the coolest person ever. He also has untreated bipolar disorder. Anyway - back in December he hit her so bad (using an object) that the next day she passed out at work and her coworkers forced her to get medial attention ) - she went the hospital - her sister went to meet her - and because it was mentioned that a minor lived in the house - social workers and the police got involved."""
5qzkq4,0,"""Post-text: don't bother with this part that's crossed out, I wasn't thinking clearly. Not that you should bother with the later parts, either. I don't know. Post-Post-Text: I deleted this from my main account and am re-posting it on an alt because it made me nervous having this connected to myself. Sorry."""
7vk4qt,0,"""Anybody ever have this happen? I have no history whatsoever of reacting to peanut butter, and even have had a full panel allergy test a few years ago that confirmed that I'm not (but I'm allergic to every pollen known to man apparently lol). I used to eat peanut butter sandwiches for lunch all the time. My favorite candy used to be Reese's peanut butter cups, and I have even eaten one in the past few months. I ate a pint of peanut butter ice cream no problem."""
96e8fn,0,"""I'm pretty broke and almost all of my money for now is going towards bills and food. I have my state's basic free insurance OHP (Oregon Health Plan) but I'm not sure what kind of psychological services they could provide. I'm hesitant to start a regimen of anxiety medications if it's possible to work through things. Open to any advice. Thank you very much in advance."""
8kac02,0,"""My Grandma;s commercial was one in which her Clorox is taken from her and she has to wash her clothes for a month without using any Clorox. The only thing that she remembers for sure was that she quotes 'my babysitter Mary says that the clothes aren‚Äôt as clean,' or something to that effect... BTW if the commercial is produced, I am willing to give some reddit gold, or pay money via paypal, whichever is preferred ;\) Thanks in advance, \-Kyle"""
7r1thn,0,"""He also said that Brian's mother made comments like she hopes she gets hit by a bus and she's so depressed because I'm doing this to her. (No mention has ever been made by them how much our daughter is having to miss out on by having this medical issue let alone what their own son is being put through from their lack of respect.) The other problem is, I genuinely believe Brian's father wants a relationship with our daughter. The fact that we're withholding her from their toxic behavior right now might be a turning point for him to grow a pair in his own marriage. I'm not holding my breath, but I have a little bit of hope."""
